"Job_ID","Job_desc","Group_ID","Group2_ID","Group3_ID","Reporting_ID","Seniority","Functional_group","Employee_ID","year"
1,"CEO",0,0,0,NA,"1","Corporate",472,1
10001,"CFO",1,0,0,1,"1","Corporate",856,1
20001,"CSO",2,0,0,1,"1","Corporate",777,1
30001,"CTO",3,0,0,1,"1","Corporate",348,1
40001,"COO",4,0,0,1,"1","Corporate",248,1
11001,"VP_Finance",1,1,0,10001,"2","Finance",308,1
12001,"VP_Estate",1,2,0,10001,"2","Finance",814,1
13001,"VP_HR",1,3,0,10001,"2","HR",359,1
21001,"VP_Strategy",2,1,0,20001,"2","SP",201,1
22001,"VP_Risk",2,2,0,20001,"2","SP",853,1
31001,"VP_IT",3,1,0,30001,"2","IT",809,1
32001,"CDO",3,2,0,30001,"2","Data",235,1
40201,"FH_Engineering",4,0,2,40001,"2","Engineer",526,1
40202,"FH_Sales",4,0,2,40001,"2","Sales",158,1
40203,"FH_Marketing",4,0,2,40001,"2","Marketing",739,1
40204,"FH_Creative",4,0,2,40001,"2","Designer",121,1
41001,"VP_Product1",4,1,0,40001,"2","Engineer",821,1
42001,"VP_Product2",4,2,0,40001,"2","Engineer",511,1
43001,"VP_Product3",4,3,0,40001,"2","Engineer",276,1
44001,"VP_Product4",4,4,0,40001,"2","Engineer",615,1
46001,"VP_Development",4,6,0,40001,"2","Engineer",636,1
47001,"QSM",4,7,0,40001,"2","Sales",302,1
48001,"VP_OnlineChannel",4,8,0,40001,"2","Sales",949,1
13201,"Head_Recruitment",1,3,2,13001,"3","HR",11,1
11103,"AAssoc_Procurement",1,1,1,11101,"5","Finance",13,1
101,"PA_CEO",0,0,1,1,"5","Admin",14,1
45101,"FL_Engineering5",4,5,1,44001,"3","Engineer",19,1
45104,"Developer",4,5,1,45101,"4","Developer",25,1
31304,"UX",3,1,3,31301,"4","Designer",31,1
41503,"Marketing",4,1,5,41501,"4","Marketing",35,1
47301,"Head_CaseManagement",4,7,3,47001,"3","Sales",42,1
32002,"PA_CDO",3,2,0,32001,"5","Admin",44,1
41401,"FL_Sales1b",4,1,4,41001,"3","Sales",49,1
43402,"Sales Manager",4,3,4,43401,"4","Sales",52,1
32201,"Head_DataEngineering",3,2,2,32001,"3","Data",58,1
12102,"AAssoc_Estate",1,2,1,12101,"5","Admin",62,1
41204,"Developer",4,1,2,41201,"4","Developer",63,1
43602,"Designer",4,3,6,43601,"4","Designer",78,1
45501,"FL_Marketing5",4,5,5,44001,"3","Marketing",86,1
41402,"Sales Manager",4,1,4,41401,"4","Sales",99,1
48002,"PA_OnlineChannel",4,8,0,48001,"5","Admin",101,1
43301,"FL_Sales3",4,3,3,43001,"3","Sales",111,1
42605,"UX",4,2,6,42601,"4","Designer",117,1
48103,"Sales Manager",4,8,1,48101,"4","Sales",130,1
42202,"Engineer",4,2,2,42201,"4","Engineer",132,1
13502,"AAssoc_L&D",1,3,5,13501,"5","HR",141,1
45102,"Engineer",4,5,1,45101,"4","Engineer",142,1
45602,"Designer",4,5,6,45601,"4","Designer",145,1
32101,"Assoc_Governance",3,2,1,32001,"4","Data",147,1
44103,"Engineer",4,4,1,44101,"4","Engineer",148,1
48101,"Head_OnlineSales1",4,8,1,48001,"3","Sales",154,1
44501,"FL_Marketing4",4,4,5,44001,"3","Marketing",159,1
22101,"Assoc_Risk",2,2,1,22001,"4","SP",163,1
42102,"Engineer",4,2,1,42101,"4","Engineer",175,1
31201,"Head_ITInfra",3,1,2,31001,"3","IT",183,1
44605,"UX",4,4,6,44601,"4","Designer",187,1
42501,"FL_Marketing2",4,2,5,42001,"3","Marketing",193,1
47201,"Head_Webquery",4,7,2,47001,"3","Sales",194,1
46105,"Designer",4,6,1,46101,"4","Designer",202,1
31105,"Assoc_IT",3,1,1,31001,"4","IT",204,1
47202,"AAssoc_Webquery",4,7,2,47201,"5","Sales",205,1
41107,"Technician",4,1,1,41101,"5","Engineer",214,1
46204,"Marketing",4,6,2,46201,"4","Marketing",215,1
42504,"Marketing",4,2,5,42501,"4","Marketing",218,1
21102,"Assoc_SP",2,1,1,21101,"4","SP",219,1
21002,"PA_Strategy",2,1,0,21001,"5","Admin",230,1
42403,"Sales Manager",4,2,4,42401,"4","Sales",246,1
40101,"PA_COO",4,0,1,30001,"5","Admin",263,1
31202,"Assoc_ITInfra",3,1,2,31201,"4","IT",270,1
32203,"Data Engineer",3,2,2,32201,"4","Data",272,1
43101,"FL_Engineering3",4,3,1,43001,"3","Engineer",277,1
44104,"Developer",4,4,1,44101,"4","Developer",279,1
42401,"FL_Sales2b",4,2,4,42001,"3","Sales",285,1
41404,"Sales Manager",4,1,4,41401,"4","Sales",296,1
46303,"Developer",4,6,3,46301,"4","Developer",298,1
46206,"UX",4,6,2,46201,"4","Designer",310,1
12101,"Head_Estate",1,2,1,12001,"3","Admin",328,1
43503,"Marketing",4,3,5,43501,"4","Marketing",329,1
44602,"Designer",4,4,6,44601,"4","Designer",330,1
23102,"Assoc_Legal",2,3,1,23101,"4","Legal",333,1
46101,"Head_Team 1",4,6,1,46001,"3","Engineer",337,1
31108,"AAssoc_IT",3,1,1,31001,"5","IT",341,1
47304,"Assoc_CaseManagement",4,7,3,47301,"4","Sales",350,1
41601,"FL_Creative1",4,1,6,41001,"3","Designer",362,1
31301,"Head_Online",3,1,3,31001,"3","IT",366,1
44107,"Technician",4,4,1,44101,"5","Engineer",370,1
32206,"Associate Data Engineer",3,2,2,32201,"5","Data",371,1
11101,"Head_Procurement",1,1,1,11001,"3","Finance",385,1
43603,"Designer",4,3,6,43601,"4","Designer",393,1
42201,"FL_Engineering2b",4,2,2,42001,"3","Engineer",394,1
23101,"Head_Legal",2,3,1,20001,"3","Legal",397,1
44106,"Technician",4,4,1,44101,"5","Engineer",399,1
12202,"AAssoc_Admin",1,2,2,12201,"5","Admin",400,1
11002,"PA_Finance",1,1,0,11001,"5","Admin",402,1
41301,"FL_Sales1",4,1,3,41001,"3","Sales",403,1
43202,"Engineer",4,3,2,43201,"4","Engineer",405,1
41106,"Technician",4,1,1,41101,"5","Engineer",419,1
22103,"Assoc_Futures",2,2,1,22001,"4","SP",424,1
45106,"Technician",4,5,1,45101,"5","Engineer",430,1
32202,"Data Engineer",3,2,2,32201,"4","Data",435,1
41207,"Technician",4,1,2,41201,"5","Engineer",446,1
43502,"Marketing",4,3,5,43501,"4","Marketing",451,1
41502,"Marketing",4,1,5,41501,"4","Marketing",452,1
31101,"ProjectManager",3,1,1,31001,"3","IT",456,1
42304,"Sales Manager",4,2,3,42301,"4","Sales",462,1
45502,"Marketing",4,5,5,45501,"4","Marketing",467,1
43106,"Technician",4,3,1,43101,"5","Engineer",470,1
43102,"Engineer",4,3,1,43101,"4","Engineer",474,1
41105,"Developer",4,1,1,41101,"4","Developer",476,1
46202,"Engineer",4,6,2,46201,"4","Engineer",499,1
43302,"Sales Manager",4,3,3,43301,"4","Sales",501,1
43605,"UX",4,3,6,43601,"4","Designer",505,1
46203,"Developer",4,6,2,46201,"4","Developer",506,1
44606,"UX",4,4,6,44601,"4","Designer",508,1
42106,"Technician",4,2,1,42101,"5","Engineer",515,1
41501,"FL_Marketing1",4,1,5,41001,"3","Marketing",517,1
46002,"PA_Development",4,6,0,46001,"5","Admin",521,1
48104,"Sales Manager",4,8,1,48101,"4","Sales",523,1
43504,"Marketing",4,3,5,43501,"4","Marketing",531,1
42204,"Developer",4,2,2,42201,"4","Developer",532,1
41101,"FL_Engineering1",4,1,1,41001,"3","Engineer",534,1
41103,"Engineer",4,1,1,41101,"4","Engineer",539,1
46205,"Designer",4,6,2,46201,"4","Designer",540,1
11201,"Head_Finance",1,1,2,11001,"3","Finance",546,1
46302,"Engineer",4,6,3,46301,"4","Engineer",554,1
32301,"Head_Reports",3,2,3,32001,"3","Data",555,1
41104,"Developer",4,1,1,41101,"4","Developer",556,1
41603,"Designer",4,1,6,41601,"4","Designer",559,1
13203,"AAssoc_Recruitment",1,3,2,13201,"5","HR",566,1
11203,"Assoc_Finance",1,1,2,11201,"4","Finance",572,1
21202,"Assoc_EmergingMarkets",2,1,2,21201,"4","SP",575,1
42301,"FL_Sales2",4,2,3,42001,"3","Sales",583,1
42602,"Designer",4,2,6,42601,"4","Designer",587,1
46104,"Marketing",4,6,1,46101,"4","Marketing",593,1
42107,"Technician",4,2,1,42101,"5","Engineer",601,1
30101,"PA_CTO",3,0,1,20001,"5","Admin",613,1
47002,"PA_QSM",4,7,0,47001,"5","Admin",614,1
12201,"Head_Admin",1,2,2,12001,"3","Admin",619,1
44301,"FL_Sales4",4,4,3,44001,"3","Sales",622,1
41206,"Technician",4,1,2,41201,"5","Engineer",625,1
41303,"Sales Manager",4,1,3,41301,"4","Sales",634,1
46102,"Engineer",4,6,1,46101,"4","Engineer",639,1
32401,"Head_DataScience",3,2,4,32001,"3","Data",646,1
43002,"PA_Product3",4,3,0,43001,"5","Admin",653,1
47302,"Assoc_CaseManagement",4,7,3,47301,"4","Sales",654,1
21201,"Head_EmergingMarkets",2,1,2,21001,"3","SP",657,1
32302,"AAssoc_Reports",3,2,3,32301,"5","Data",659,1
13501,"Head_L&D",1,3,5,13001,"3","HR",661,1
43103,"Engineer",4,3,1,43101,"4","Engineer",662,1
42205,"Developer",4,2,2,42201,"4","Developer",675,1
41504,"Marketing",4,1,5,41501,"4","Marketing",677,1
42002,"PA_Product2",4,2,0,42001,"5","Admin",678,1
43201,"FL_Engineering3b",4,3,2,43001,"3","Engineer",679,1
43204,"Developer",4,3,2,43201,"4","Developer",681,1
41605,"UX",4,1,6,41601,"4","Designer",683,1
45605,"UX",4,5,6,45601,"4","Designer",685,1
41302,"Sales Manager",4,1,3,41301,"4","Sales",691,1
43206,"Technician",4,3,2,43201,"5","Engineer",692,1
13101,"Head_Payroll",1,3,1,13001,"3","HR",693,1
11202,"Assoc_Finance",1,1,2,11201,"4","Finance",701,1
44303,"Sales Manager",4,4,3,44301,"4","Sales",705,1
13402,"Assoc_PM",1,3,4,13401,"4","HR",707,1
41606,"UX",4,1,6,41601,"4","Designer",710,1
48102,"Sales Manager",4,8,1,48101,"4","Sales",717,1
32205,"Associate Data Engineer",3,2,2,32201,"5","Data",719,1
42303,"Sales Manager",4,2,3,42301,"4","Sales",722,1
13103,"AAssoc_Payroll",1,3,1,13101,"5","HR",725,1
46301,"Head_Team 3",4,6,3,46001,"3","Engineer",727,1
13102,"AAssoc_Payroll",1,3,1,13101,"5","HR",728,1
43303,"Sales Manager",4,3,3,43301,"4","Sales",731,1
46201,"Head_Team 2",4,6,2,46001,"3","Engineer",740,1
43401,"FL_Sales3b",4,3,4,43001,"3","Sales",742,1
41304,"Sales Manager",4,1,3,41301,"4","Sales",746,1
11102,"Assoc_Procurement",1,1,1,11101,"4","Finance",751,1
45601,"FL_Creative5",4,5,6,44001,"3","Designer",752,1
45303,"Sales Manager",4,5,3,45301,"4","Sales",759,1
10101,"PA_CFO",1,0,1,10001,"5","Admin",761,1
43601,"FL_Creative3",4,3,6,43001,"3","Designer",762,1
42601,"FL_Creative2",4,2,6,42001,"3","Designer",765,1
44502,"Marketing",4,4,5,44501,"4","Marketing",772,1
47303,"Assoc_CaseManagement",4,7,3,47301,"4","Sales",776,1
43501,"FL_Marketing3",4,3,5,43001,"3","Marketing",779,1
41203,"Engineer",4,1,2,41201,"4","Engineer",780,1
41602,"Designer",4,1,6,41601,"4","Designer",781,1
20101,"PA_CSO",2,0,1,40001,"5","Admin",793,1
13002,"PA_HR",1,3,0,13001,"5","Admin",798,1
47101,"Head_CallCentre",4,7,1,47001,"3","Sales",800,1
41102,"Engineer",4,1,1,41101,"4","Engineer",813,1
44102,"Engineer",4,4,1,44101,"4","Engineer",834,1
42402,"Sales Manager",4,2,4,42401,"4","Sales",839,1
21101,"Head_SP",2,1,1,21001,"3","SP",842,1
31303,"Developer",3,1,3,31301,"4","Developer",846,1
41403,"Sales Manager",4,1,4,41401,"4","Sales",848,1
42103,"Engineer",4,2,1,42101,"4","Engineer",851,1
45304,"Sales Manager",4,5,3,45301,"4","Sales",852,1
13601,"Head_ODChange",1,3,6,13001,"3","HR",854,1
45302,"Sales Manager",4,5,3,45301,"4","Sales",857,1
44601,"FL_Creative4",4,4,6,44001,"3","Designer",867,1
31102,"ProjectManager",3,1,1,31001,"3","IT",870,1
41201,"FL_Engineering1b",4,1,2,41001,"3","Engineer",871,1
13301,"Head_Labour",1,3,3,13001,"3","HR",874,1
42503,"Marketing",4,2,5,42501,"4","Marketing",876,1
44002,"PA_Product4",4,4,0,44001,"5","Admin",881,1
41002,"PA_Product1",4,1,0,41001,"5","Admin",892,1
31104,"Developer",3,1,1,31001,"4","Developer",897,1
21104,"AAssoc_SP",2,1,1,21101,"5","SP",902,1
42101,"FL_Engineering2",4,2,1,42001,"3","Engineer",909,1
13401,"Head_PM",1,3,4,13001,"3","HR",913,1
42302,"Sales Manager",4,2,3,42301,"4","Sales",920,1
47102,"Assoc_CallCentre",4,7,1,47101,"4","Sales",930,1
42104,"Developer",4,2,1,42101,"4","Developer",934,1
31302,"Developer",3,1,3,31301,"4","Developer",937,1
46103,"Developer",4,6,1,46101,"4","Developer",938,1
32303,"AAssoc_Reports",3,2,3,32301,"5","Data",940,1
31107,"AAssoc_IT",3,1,1,31001,"5","IT",951,1
46106,"UX",4,6,1,46101,"4","Designer",952,1
42502,"Marketing",4,2,5,42501,"4","Marketing",953,1
42206,"Technician",4,2,2,42201,"5","Engineer",958,1
41202,"Engineer",4,1,2,41201,"4","Engineer",962,1
42603,"Designer",4,2,6,42601,"4","Designer",964,1
32402,"Data Scientist",3,2,4,32401,"4","Data",966,1
31106,"Assoc_IT",3,1,1,31001,"4","IT",969,1
43104,"Developer",4,3,1,43101,"4","Developer",978,1
13603,"Assoc_ODChange",1,3,6,13601,"4","HR",979,1
31203,"AAssoc_ITInfra",3,1,2,31201,"5","IT",981,1
31002,"PA_IT",3,1,0,31001,"5","Admin",984,1
45301,"FL_Sales5",4,5,3,44001,"3","Sales",985,1
44503,"Marketing",4,4,5,44501,"4","Marketing",989,1
31103,"Developer",3,1,1,31001,"4","Developer",994,1
44101,"FL_Engineering4",4,4,1,44001,"3","Engineer",998,1
44302,"Sales Manager",4,4,3,44301,"4","Sales",1000,1
10001,"CFO",1,0,0,1,"1","Corporate",856,2
30001,"CTO",3,0,0,1,"1","Corporate",348,2
40001,"COO",4,0,0,1,"1","Corporate",248,2
20001,"CSO",2,0,0,1,"1","Corporate",777,2
12001,"VP_Estate",1,2,0,10001,"2","Finance",814,2
13001,"VP_HR",1,3,0,10001,"2","HR",359,2
11001,"VP_Finance",1,1,0,10001,"2","Finance",308,2
21001,"VP_Strategy",2,1,0,20001,"2","SP",201,2
22001,"VP_Risk",2,2,0,20001,"2","SP",853,2
31001,"VP_IT",3,1,0,30001,"2","IT",809,2
32001,"CDO",3,2,0,30001,"2","Data",235,2
40201,"FH_Engineering",4,0,2,40001,"2","Engineer",526,2
40202,"FH_Sales",4,0,2,40001,"2","Sales",158,2
40204,"FH_Creative",4,0,2,40001,"2","Designer",121,2
41001,"VP_Product1",4,1,0,40001,"2","Engineer",821,2
42001,"VP_Product2",4,2,0,40001,"2","Engineer",511,2
40203,"FH_Marketing",4,0,2,40001,"2","Marketing",739,2
44001,"VP_Product4",4,4,0,40001,"2","Engineer",615,2
49001,"VP_Product6",4,9,0,40001,"2","Engineer",740,2
46001,"VP_Development",4,6,0,40001,"2","Engineer",636,2
43001,"VP_Product3",4,3,0,40001,"2","Engineer",276,2
48001,"VP_OnlineChannel",4,8,0,40001,"2","Sales",949,2
47001,"QSM",4,7,0,40001,"2","Sales",302,2
1,"CEO",0,0,0,NA,"1","Corporate",472,2
13201,"Head_Recruitment",1,3,2,13001,"3","HR",11,2
11103,"AAssoc_Procurement",1,1,1,11101,"5","Finance",13,2
101,"PA_CEO",0,0,1,1,"5","Admin",14,2
45101,"FL_Engineering5",4,5,1,44001,"3","Engineer",19,2
45104,"Developer",4,5,1,45101,"4","Developer",25,2
31304,"UX",3,1,3,31301,"4","Designer",31,2
41503,"Marketing",4,1,5,41501,"4","Marketing",35,2
47301,"Head_CaseManagement",4,7,3,47001,"3","Sales",42,2
32002,"PA_CDO",3,2,0,32001,"5","Admin",44,2
41401,"FL_Sales1b",4,1,4,41001,"3","Sales",49,2
43402,"Sales Manager",4,3,4,43401,"4","Sales",52,2
21104,"AAssoc_SP",2,1,1,21101,"5","SP",57,2
32201,"Head_DataEngineering",3,2,2,32001,"3","Data",58,2
12102,"AAssoc_Estate",1,2,1,12101,"5","Admin",62,2
43602,"Designer",4,3,6,43601,"4","Designer",78,2
45501,"FL_Marketing5",4,5,5,44001,"3","Marketing",86,2
41402,"Sales Manager",4,1,4,41401,"4","Sales",99,2
48002,"PA_OnlineChannel",4,8,0,48001,"5","Admin",101,2
49103,"Engineer",4,9,1,49101,"4","Engineer",107,2
43301,"FL_Sales3",4,3,3,43001,"3","Sales",111,2
42605,"UX",4,2,6,42601,"4","Designer",117,2
48103,"Sales Manager",4,8,1,48101,"4","Sales",130,2
42202,"Engineer",4,2,2,42201,"4","Engineer",132,2
31106,"Assoc_IT",3,1,1,31001,"4","IT",134,2
13502,"AAssoc_L&D",1,3,5,13501,"5","HR",141,2
45102,"Engineer",4,5,1,45101,"4","Engineer",142,2
45602,"Designer",4,5,6,45601,"4","Designer",145,2
32101,"Assoc_Governance",3,2,1,32001,"4","Data",147,2
44103,"Engineer",4,4,1,44101,"4","Engineer",148,2
42502,"Marketing",4,2,5,42501,"4","Marketing",151,2
48101,"Head_OnlineSales1",4,8,1,48001,"3","Sales",154,2
44501,"FL_Marketing4",4,4,5,44001,"3","Marketing",159,2
42102,"Engineer",4,2,1,42101,"4","Engineer",175,2
31201,"Head_ITInfra",3,1,2,31001,"3","IT",183,2
44605,"UX",4,4,6,44601,"4","Designer",187,2
46105,"Designer",4,6,1,46101,"4","Designer",202,2
31105,"Assoc_IT",3,1,1,31001,"4","IT",204,2
47202,"AAssoc_Webquery",4,7,2,47201,"5","Sales",205,2
41403,"Sales Manager",4,1,4,41401,"4","Sales",208,2
41204,"Developer",4,1,2,41201,"4","Developer",213,2
41107,"Technician",4,1,1,41101,"5","Engineer",214,2
49502,"Marketing",4,9,5,49501,"4","Marketing",215,2
42504,"Marketing",4,2,5,42501,"4","Marketing",218,2
21102,"Assoc_SP",2,1,1,21101,"4","SP",219,2
47102,"Assoc_CallCentre",4,7,1,47101,"4","Sales",225,2
21002,"PA_Strategy",2,1,0,21001,"5","Admin",230,2
42403,"Sales Manager",4,2,4,42401,"4","Sales",246,2
40101,"PA_COO",4,0,1,30001,"5","Admin",263,2
49002,"PA_Product6",4,9,0,49001,"5","Admin",266,2
31202,"Assoc_ITInfra",3,1,2,31201,"4","IT",270,2
32203,"Data Engineer",3,2,2,32201,"4","Data",272,2
43101,"FL_Engineering3",4,3,1,43001,"3","Engineer",277,2
44104,"Developer",4,4,1,44101,"4","Developer",279,2
42401,"FL_Sales2b",4,2,4,42001,"3","Sales",285,2
41605,"UX",4,1,6,41601,"4","Designer",286,2
41404,"Sales Manager",4,1,4,41401,"4","Sales",296,2
46303,"Developer",4,6,3,46301,"4","Developer",298,2
49605,"UX",4,9,6,49501,"4","Designer",310,2
12101,"Head_Estate",1,2,1,12001,"3","Admin",328,2
43503,"Marketing",4,3,5,43501,"4","Marketing",329,2
44602,"Designer",4,4,6,44601,"4","Designer",330,2
23102,"Assoc_Legal",2,3,1,23101,"4","Legal",333,2
46101,"Head_Team 1",4,6,1,46001,"3","Engineer",337,2
31108,"AAssoc_IT",3,1,1,31001,"5","IT",341,2
47304,"Assoc_CaseManagement",4,7,3,47301,"4","Sales",350,2
11102,"Assoc_Procurement",1,1,1,11101,"4","Finance",352,2
41601,"FL_Creative1",4,1,6,41001,"3","Designer",362,2
31301,"Head_Online",3,1,3,31001,"3","IT",366,2
49106,"Technician",4,9,1,49101,"5","Engineer",370,2
32206,"Associate Data Engineer",3,2,2,32201,"5","Data",371,2
11101,"Head_Procurement",1,1,1,11001,"3","Finance",385,2
32202,"Data Engineer",3,2,2,32201,"4","Data",392,2
43603,"Designer",4,3,6,43601,"4","Designer",393,2
42201,"FL_Engineering2b",4,2,2,42001,"3","Engineer",394,2
23101,"Head_Legal",2,3,1,20001,"3","Legal",397,2
44106,"Technician",4,4,1,44101,"5","Engineer",399,2
12202,"AAssoc_Admin",1,2,2,12201,"5","Admin",400,2
44302,"Sales Manager",4,4,3,44301,"4","Sales",401,2
11002,"PA_Finance",1,1,0,11001,"5","Admin",402,2
41301,"FL_Sales1",4,1,3,41001,"3","Sales",403,2
43202,"Engineer",4,3,2,43201,"4","Engineer",405,2
41106,"Technician",4,1,1,41101,"5","Engineer",419,2
22103,"Assoc_Futures",2,2,1,22001,"4","SP",424,2
45106,"Technician",4,5,1,45101,"5","Engineer",430,2
41207,"Technician",4,1,2,41201,"5","Engineer",446,2
43502,"Marketing",4,3,5,43501,"4","Marketing",451,2
41502,"Marketing",4,1,5,41501,"4","Marketing",452,2
31101,"ProjectManager",3,1,1,31001,"3","IT",456,2
49301,"FL_Sales6",4,9,3,49001,"3","Sales",462,2
42206,"Technician",4,2,2,42201,"5","Engineer",465,2
45502,"Marketing",4,5,5,45501,"4","Marketing",467,2
43106,"Technician",4,3,1,43101,"5","Engineer",470,2
43102,"Engineer",4,3,1,43101,"4","Engineer",474,2
41105,"Developer",4,1,1,41101,"4","Developer",476,2
49101,"FL_Engineering6",4,9,1,49001,"3","Engineer",499,2
43302,"Sales Manager",4,3,3,43301,"4","Sales",501,2
43605,"UX",4,3,6,43601,"4","Designer",505,2
49104,"Developer",4,9,1,49101,"4","Developer",506,2
44606,"UX",4,4,6,44601,"4","Designer",508,2
42106,"Technician",4,2,1,42101,"5","Engineer",515,2
41501,"FL_Marketing1",4,1,5,41001,"3","Marketing",517,2
46002,"PA_Development",4,6,0,46001,"5","Admin",521,2
48104,"Sales Manager",4,8,1,48101,"4","Sales",523,2
43504,"Marketing",4,3,5,43501,"4","Marketing",531,2
42204,"Developer",4,2,2,42201,"4","Developer",532,2
41101,"FL_Engineering1",4,1,1,41001,"3","Engineer",534,2
41103,"Engineer",4,1,1,41101,"4","Engineer",539,2
49501,"FL_Marketing6",4,9,5,49001,"3","Marketing",540,2
11201,"Head_Finance",1,1,2,11001,"3","Finance",546,2
46302,"Engineer",4,6,3,46301,"4","Engineer",554,2
32301,"Head_Reports",3,2,3,32001,"3","Data",555,2
41104,"Developer",4,1,1,41101,"4","Developer",556,2
41603,"Designer",4,1,6,41601,"4","Designer",559,2
21202,"Assoc_EmergingMarkets",2,1,2,21201,"4","SP",575,2
42301,"FL_Sales2",4,2,3,42001,"3","Sales",583,2
42602,"Designer",4,2,6,42601,"4","Designer",587,2
46104,"Marketing",4,6,1,46101,"4","Marketing",593,2
42107,"Technician",4,2,1,42101,"5","Engineer",601,2
30101,"PA_CTO",3,0,1,20001,"5","Admin",613,2
47002,"PA_QSM",4,7,0,47001,"5","Admin",614,2
12201,"Head_Admin",1,2,2,12001,"3","Admin",619,2
44301,"FL_Sales4",4,4,3,44001,"3","Sales",622,2
41206,"Technician",4,1,2,41201,"5","Engineer",625,2
41303,"Sales Manager",4,1,3,41301,"4","Sales",634,2
46102,"Engineer",4,6,1,46101,"4","Engineer",639,2
32401,"Head_DataScience",3,2,4,32001,"3","Data",646,2
43002,"PA_Product3",4,3,0,43001,"5","Admin",653,2
47302,"Assoc_CaseManagement",4,7,3,47301,"4","Sales",654,2
21201,"Head_EmergingMarkets",2,1,2,21001,"3","SP",657,2
32302,"AAssoc_Reports",3,2,3,32301,"5","Data",659,2
13501,"Head_L&D",1,3,5,13001,"3","HR",661,2
49102,"Engineer",4,9,1,49101,"4","Engineer",662,2
13203,"AAssoc_Recruitment",1,3,2,13201,"5","HR",665,2
42205,"Developer",4,2,2,42201,"4","Developer",675,2
41504,"Marketing",4,1,5,41501,"4","Marketing",677,2
42002,"PA_Product2",4,2,0,42001,"5","Admin",678,2
43201,"FL_Engineering3b",4,3,2,43001,"3","Engineer",679,2
43204,"Developer",4,3,2,43201,"4","Developer",681,2
45605,"UX",4,5,6,45601,"4","Designer",685,2
41302,"Sales Manager",4,1,3,41301,"4","Sales",691,2
43206,"Technician",4,3,2,43201,"5","Engineer",692,2
13101,"Head_Payroll",1,3,1,13001,"3","HR",693,2
11202,"Assoc_Finance",1,1,2,11201,"4","Finance",701,2
44303,"Sales Manager",4,4,3,44301,"4","Sales",705,2
13402,"Assoc_PM",1,3,4,13401,"4","HR",707,2
41606,"UX",4,1,6,41601,"4","Designer",710,2
31302,"Developer",3,1,3,31301,"4","Developer",712,2
48102,"Sales Manager",4,8,1,48101,"4","Sales",717,2
32205,"Associate Data Engineer",3,2,2,32201,"5","Data",719,2
42303,"Sales Manager",4,2,3,42301,"4","Sales",722,2
13103,"AAssoc_Payroll",1,3,1,13101,"5","HR",725,2
46301,"Head_Team 3",4,6,3,46001,"3","Engineer",727,2
13102,"AAssoc_Payroll",1,3,1,13101,"5","HR",728,2
43303,"Sales Manager",4,3,3,43301,"4","Sales",731,2
43401,"FL_Sales3b",4,3,4,43001,"3","Sales",742,2
41304,"Sales Manager",4,1,3,41301,"4","Sales",746,2
22102,"Assoc_Risk",2,2,1,22001,"4","SP",747,2
45601,"FL_Creative5",4,5,6,44001,"3","Designer",752,2
45303,"Sales Manager",4,5,3,45301,"4","Sales",759,2
10101,"PA_CFO",1,0,1,10001,"5","Admin",761,2
43601,"FL_Creative3",4,3,6,43001,"3","Designer",762,2
42601,"FL_Creative2",4,2,6,42001,"3","Designer",765,2
44502,"Marketing",4,4,5,44501,"4","Marketing",772,2
47303,"Assoc_CaseManagement",4,7,3,47301,"4","Sales",776,2
43501,"FL_Marketing3",4,3,5,43001,"3","Marketing",779,2
41203,"Engineer",4,1,2,41201,"4","Engineer",780,2
41602,"Designer",4,1,6,41601,"4","Designer",781,2
20101,"PA_CSO",2,0,1,40001,"5","Admin",793,2
13002,"PA_HR",1,3,0,13001,"5","Admin",798,2
47101,"Head_CallCentre",4,7,1,47001,"3","Sales",800,2
41102,"Engineer",4,1,1,41101,"4","Engineer",813,2
21203,"Assoc_EmergingMarkets",2,1,2,21201,"4","SP",825,2
49302,"Sales Manager",4,9,3,49301,"4","Sales",828,2
44102,"Engineer",4,4,1,44101,"4","Engineer",834,2
42402,"Sales Manager",4,2,4,42401,"4","Sales",839,2
21101,"Head_SP",2,1,1,21001,"3","SP",842,2
31303,"Developer",3,1,3,31301,"4","Developer",846,2
42103,"Engineer",4,2,1,42101,"4","Engineer",851,2
45304,"Sales Manager",4,5,3,45301,"4","Sales",852,2
13601,"Head_ODChange",1,3,6,13001,"3","HR",854,2
45302,"Sales Manager",4,5,3,45301,"4","Sales",857,2
44601,"FL_Creative4",4,4,6,44001,"3","Designer",867,2
31102,"ProjectManager",3,1,1,31001,"3","IT",870,2
41201,"FL_Engineering1b",4,1,2,41001,"3","Engineer",871,2
13301,"Head_Labour",1,3,3,13001,"3","HR",874,2
42503,"Marketing",4,2,5,42501,"4","Marketing",876,2
44002,"PA_Product4",4,4,0,44001,"5","Admin",881,2
42501,"FL_Marketing2",4,2,5,42001,"3","Marketing",883,2
47201,"Head_Webquery",4,7,2,47001,"3","Sales",891,2
41002,"PA_Product1",4,1,0,41001,"5","Admin",892,2
31104,"Developer",3,1,1,31001,"4","Developer",897,2
42101,"FL_Engineering2",4,2,1,42001,"3","Engineer",909,2
22101,"Assoc_Risk",2,2,1,22001,"4","SP",911,2
13401,"Head_PM",1,3,4,13001,"3","HR",913,2
11203,"Assoc_Finance",1,1,2,11201,"4","Finance",916,2
42302,"Sales Manager",4,2,3,42301,"4","Sales",920,2
42104,"Developer",4,2,1,42101,"4","Developer",934,2
46103,"Developer",4,6,1,46101,"4","Developer",938,2
32303,"AAssoc_Reports",3,2,3,32301,"5","Data",940,2
31107,"AAssoc_IT",3,1,1,31001,"5","IT",951,2
46106,"UX",4,6,1,46101,"4","Designer",952,2
41202,"Engineer",4,1,2,41201,"4","Engineer",962,2
42603,"Designer",4,2,6,42601,"4","Designer",964,2
32402,"Data Scientist",3,2,4,32401,"4","Data",966,2
43104,"Developer",4,3,1,43101,"4","Developer",978,2
13603,"Assoc_ODChange",1,3,6,13601,"4","HR",979,2
31203,"AAssoc_ITInfra",3,1,2,31201,"5","IT",981,2
31002,"PA_IT",3,1,0,31001,"5","Admin",984,2
45301,"FL_Sales5",4,5,3,44001,"3","Sales",985,2
44503,"Marketing",4,4,5,44501,"4","Marketing",989,2
31103,"Developer",3,1,1,31001,"4","Developer",994,2
49303,"Sales Manager",4,9,3,49301,"4","Sales",996,2
44101,"FL_Engineering4",4,4,1,44001,"3","Engineer",998,2
10001,"CFO",1,0,0,1,"1","Corporate",856,3
20001,"CSO",2,0,0,1,"1","Corporate",777,3
30001,"CTO",3,0,0,1,"1","Corporate",348,3
40001,"COO",4,0,0,1,"1","Corporate",248,3
11001,"VP_Finance",1,1,0,10001,"2","Finance",308,3
12001,"VP_Estate",1,2,0,10001,"2","Finance",814,3
13001,"VP_HR",1,3,0,10001,"2","HR",359,3
22001,"VP_Risk",2,2,0,20001,"2","SP",853,3
21001,"VP_Strategy",2,1,0,20001,"2","SP",201,3
31001,"VP_IT",3,1,0,30001,"2","IT",809,3
32001,"CDO",3,2,0,30001,"2","Data",235,3
40201,"FH_Engineering",4,0,2,40001,"2","Engineer",526,3
40202,"FH_Sales",4,0,2,40001,"2","Sales",158,3
40203,"FH_Marketing",4,0,2,40001,"2","Marketing",739,3
41001,"VP_Product1",4,1,0,40001,"2","Engineer",821,3
42001,"VP_Product2",4,2,0,40001,"2","Engineer",511,3
43001,"VP_Product3",4,3,0,40001,"2","Engineer",276,3
44001,"VP_Product4",4,4,0,40001,"2","Engineer",615,3
46001,"VP_Development",4,6,0,40001,"2","Engineer",636,3
47001,"QSM",4,7,0,40001,"2","Sales",302,3
48001,"VP_OnlineChannel",4,8,0,40001,"2","Sales",949,3
49001,"VP_Product6",4,9,0,40001,"2","Engineer",740,3
40204,"FH_Creative",4,0,2,40001,"2","Designer",121,3
1,"CEO",0,0,0,NA,"1","Corporate",472,3
13201,"Head_Recruitment",1,3,2,13001,"3","HR",11,3
11103,"AAssoc_Procurement",1,1,1,11101,"5","Finance",13,3
101,"PA_CEO",0,0,1,1,"5","Admin",14,3
11104,"AAssoc_Procurement",1,1,1,11101,"5","Finance",15,3
44201,"FL_Engineering4b",4,4,2,44001,"3","Engineer",19,3
44204,"Developer",4,4,2,44201,"4","Developer",25,3
31304,"UX",3,1,3,31301,"4","Designer",31,3
41503,"Marketing",4,1,5,41501,"4","Marketing",35,3
47301,"Head_CaseManagement",4,7,3,47001,"3","Sales",42,3
32002,"PA_CDO",3,2,0,32001,"5","Admin",44,3
41401,"FL_Sales1b",4,1,4,41001,"3","Sales",49,3
43402,"Sales Manager",4,3,4,43401,"4","Sales",52,3
21104,"AAssoc_SP",2,1,1,21101,"5","SP",57,3
32201,"Head_DataEngineering",3,2,2,32001,"3","Data",58,3
12102,"AAssoc_Estate",1,2,1,12101,"5","Admin",62,3
13202,"Assoc_Recruitment",1,3,2,13201,"4","HR",67,3
41103,"Engineer",4,1,1,41101,"4","Engineer",76,3
43602,"Designer",4,3,6,43601,"4","Designer",78,3
46304,"Marketing",4,6,3,46301,"4","Marketing",86,3
41402,"Sales Manager",4,1,4,41401,"4","Sales",99,3
49103,"Engineer",4,9,1,49101,"4","Engineer",107,3
43301,"FL_Sales3",4,3,3,43001,"3","Sales",111,3
42605,"UX",4,2,6,42601,"4","Designer",117,3
48103,"Sales Manager",4,8,1,48101,"4","Sales",130,3
42202,"Engineer",4,2,2,42201,"4","Engineer",132,3
31106,"Assoc_IT",3,1,1,31001,"4","IT",134,3
47201,"Head_Webquery",4,7,2,47001,"3","Sales",136,3
13502,"AAssoc_L&D",1,3,5,13501,"5","HR",141,3
44202,"Engineer",4,4,2,44201,"4","Engineer",142,3
49602,"Designer",4,9,6,49601,"4","Designer",145,3
32101,"Assoc_Governance",3,2,1,32001,"4","Data",147,3
49202,"Engineer",4,9,2,49201,"4","Engineer",148,3
42502,"Marketing",4,2,5,42501,"4","Marketing",151,3
48101,"Head_OnlineSales1",4,8,1,48001,"3","Sales",154,3
44501,"FL_Marketing4",4,4,5,44001,"3","Marketing",159,3
42102,"Engineer",4,2,1,42101,"4","Engineer",175,3
49201,"FL_Engineering6b",4,9,2,49001,"3","Engineer",182,3
31201,"Head_ITInfra",3,1,2,31001,"3","IT",183,3
44605,"UX",4,4,6,44601,"4","Designer",187,3
46105,"Designer",4,6,1,46101,"4","Designer",202,3
31105,"Assoc_IT",3,1,1,31001,"4","IT",204,3
47202,"AAssoc_Webquery",4,7,2,47201,"5","Sales",205,3
41403,"Sales Manager",4,1,4,41401,"4","Sales",208,3
41204,"Developer",4,1,2,41201,"4","Developer",213,3
41107,"Technician",4,1,1,41101,"5","Engineer",214,3
49502,"Marketing",4,9,5,49501,"4","Marketing",215,3
42504,"Marketing",4,2,5,42501,"4","Marketing",218,3
47102,"Assoc_CallCentre",4,7,1,47101,"4","Sales",225,3
21002,"PA_Strategy",2,1,0,21001,"5","Admin",230,3
42403,"Sales Manager",4,2,4,42401,"4","Sales",246,3
32403,"Data Scientist",3,2,4,32401,"4","Data",261,3
40101,"PA_COO",4,0,1,30001,"5","Admin",263,3
49002,"PA_Product6",4,9,0,49001,"5","Admin",266,3
31202,"Assoc_ITInfra",3,1,2,31201,"4","IT",270,3
32203,"Data Engineer",3,2,2,32201,"4","Data",272,3
43101,"FL_Engineering3",4,3,1,43001,"3","Engineer",277,3
44104,"Developer",4,4,1,44101,"4","Developer",279,3
42401,"FL_Sales2b",4,2,4,42001,"3","Sales",285,3
41605,"UX",4,1,6,41601,"4","Designer",286,3
41404,"Sales Manager",4,1,4,41401,"4","Sales",296,3
32204,"Data Engineer",3,2,2,32201,"4","Data",297,3
46303,"Developer",4,6,3,46301,"4","Developer",298,3
49605,"UX",4,9,6,49601,"4","Designer",310,3
41501,"FL_Marketing1",4,1,5,41001,"3","Marketing",318,3
12101,"Head_Estate",1,2,1,12001,"3","Admin",328,3
43503,"Marketing",4,3,5,43501,"4","Marketing",329,3
44602,"Designer",4,4,6,44601,"4","Designer",330,3
23102,"Assoc_Legal",2,3,1,23101,"4","Legal",333,3
46101,"Head_Team 1",4,6,1,46001,"3","Engineer",337,3
31108,"AAssoc_IT",3,1,1,31001,"5","IT",341,3
11101,"Head_Procurement",1,1,1,11001,"3","Finance",349,3
11102,"Assoc_Procurement",1,1,1,11101,"4","Finance",352,3
41601,"FL_Creative1",4,1,6,41001,"3","Designer",362,3
31301,"Head_Online",3,1,3,31001,"3","IT",366,3
49106,"Technician",4,9,1,49101,"5","Engineer",370,3
32206,"Associate Data Engineer",3,2,2,32201,"5","Data",371,3
32202,"Data Engineer",3,2,2,32201,"4","Data",392,3
43603,"Designer",4,3,6,43601,"4","Designer",393,3
42201,"FL_Engineering2b",4,2,2,42001,"3","Engineer",394,3
23101,"Head_Legal",2,3,1,20001,"3","Legal",397,3
44106,"Technician",4,4,1,44101,"5","Engineer",399,3
12202,"AAssoc_Admin",1,2,2,12201,"5","Admin",400,3
44302,"Sales Manager",4,4,3,44301,"4","Sales",401,3
11002,"PA_Finance",1,1,0,11001,"5","Admin",402,3
41301,"FL_Sales1",4,1,3,41001,"3","Sales",403,3
43202,"Engineer",4,3,2,43201,"4","Engineer",405,3
41106,"Technician",4,1,1,41101,"5","Engineer",419,3
22103,"Assoc_Futures",2,2,1,22001,"4","SP",424,3
44206,"Technician",4,4,2,44201,"5","Engineer",430,3
41207,"Technician",4,1,2,41201,"5","Engineer",446,3
43502,"Marketing",4,3,5,43501,"4","Marketing",451,3
41502,"Marketing",4,1,5,41501,"4","Marketing",452,3
49204,"Developer",4,9,2,49201,"4","Developer",459,3
49301,"FL_Sales6",4,9,3,49001,"3","Sales",462,3
42206,"Technician",4,2,2,42201,"5","Engineer",465,3
49503,"Marketing",4,9,5,49501,"4","Marketing",467,3
43106,"Technician",4,3,1,43101,"5","Engineer",470,3
43102,"Engineer",4,3,1,43101,"4","Engineer",474,3
41105,"Developer",4,1,1,41101,"4","Developer",476,3
49101,"FL_Engineering6",4,9,1,49001,"3","Engineer",499,3
43302,"Sales Manager",4,3,3,43301,"4","Sales",501,3
43605,"UX",4,3,6,43601,"4","Designer",505,3
49104,"Developer",4,9,1,49101,"4","Developer",506,3
44606,"UX",4,4,6,44601,"4","Designer",508,3
42106,"Technician",4,2,1,42101,"5","Engineer",515,3
46002,"PA_Development",4,6,0,46001,"5","Admin",521,3
48104,"Sales Manager",4,8,1,48101,"4","Sales",523,3
43504,"Marketing",4,3,5,43501,"4","Marketing",531,3
42204,"Developer",4,2,2,42201,"4","Developer",532,3
41101,"FL_Engineering1",4,1,1,41001,"3","Engineer",534,3
49501,"FL_Marketing6",4,9,5,49001,"3","Marketing",540,3
11201,"Head_Finance",1,1,2,11001,"3","Finance",546,3
46302,"Engineer",4,6,3,46301,"4","Engineer",554,3
32301,"Head_Reports",3,2,3,32001,"3","Data",555,3
41104,"Developer",4,1,1,41101,"4","Developer",556,3
41603,"Designer",4,1,6,41601,"4","Designer",559,3
13601,"Head_ODChange",1,3,6,13001,"3","HR",564,3
21102,"Assoc_SP",2,1,1,21101,"4","SP",570,3
21202,"Assoc_EmergingMarkets",2,1,2,21201,"4","SP",575,3
42301,"FL_Sales2",4,2,3,42001,"3","Sales",583,3
42602,"Designer",4,2,6,42601,"4","Designer",587,3
46104,"Marketing",4,6,1,46101,"4","Marketing",593,3
42606,"UX",4,2,6,42601,"4","Designer",600,3
42107,"Technician",4,2,1,42101,"5","Engineer",601,3
42402,"Sales Manager",4,2,4,42401,"4","Sales",602,3
30101,"PA_CTO",3,0,1,20001,"5","Admin",613,3
47002,"PA_QSM",4,7,0,47001,"5","Admin",614,3
12201,"Head_Admin",1,2,2,12001,"3","Admin",619,3
11202,"Assoc_Finance",1,1,2,11201,"4","Finance",620,3
44301,"FL_Sales4",4,4,3,44001,"3","Sales",622,3
41206,"Technician",4,1,2,41201,"5","Engineer",625,3
41303,"Sales Manager",4,1,3,41301,"4","Sales",634,3
46102,"Engineer",4,6,1,46101,"4","Engineer",639,3
32401,"Head_DataScience",3,2,4,32001,"3","Data",646,3
43002,"PA_Product3",4,3,0,43001,"5","Admin",653,3
47302,"Assoc_CaseManagement",4,7,3,47301,"4","Sales",654,3
21201,"Head_EmergingMarkets",2,1,2,21001,"3","SP",657,3
32302,"AAssoc_Reports",3,2,3,32301,"5","Data",659,3
13501,"Head_L&D",1,3,5,13001,"3","HR",661,3
49102,"Engineer",4,9,1,49101,"4","Engineer",662,3
13203,"AAssoc_Recruitment",1,3,2,13201,"5","HR",665,3
42205,"Developer",4,2,2,42201,"4","Developer",675,3
41504,"Marketing",4,1,5,41501,"4","Marketing",677,3
42002,"PA_Product2",4,2,0,42001,"5","Admin",678,3
43201,"FL_Engineering3b",4,3,2,43001,"3","Engineer",679,3
43204,"Developer",4,3,2,43201,"4","Developer",681,3
13602,"Assoc_ODChange",1,3,6,13601,"4","HR",684,3
49606,"UX",4,9,6,49601,"4","Designer",685,3
31203,"AAssoc_ITInfra",3,1,2,31201,"5","IT",688,3
41302,"Sales Manager",4,1,3,41301,"4","Sales",691,3
43206,"Technician",4,3,2,43201,"5","Engineer",692,3
13101,"Head_Payroll",1,3,1,13001,"3","HR",693,3
44303,"Sales Manager",4,4,3,44301,"4","Sales",705,3
13402,"Assoc_PM",1,3,4,13401,"4","HR",707,3
41606,"UX",4,1,6,41601,"4","Designer",710,3
31302,"Developer",3,1,3,31301,"4","Developer",712,3
48102,"Sales Manager",4,8,1,48101,"4","Sales",717,3
32205,"Associate Data Engineer",3,2,2,32201,"5","Data",719,3
42303,"Sales Manager",4,2,3,42301,"4","Sales",722,3
13103,"AAssoc_Payroll",1,3,1,13101,"5","HR",725,3
46301,"Head_Team 3",4,6,3,46001,"3","Engineer",727,3
13102,"AAssoc_Payroll",1,3,1,13101,"5","HR",728,3
43303,"Sales Manager",4,3,3,43301,"4","Sales",731,3
43401,"FL_Sales3b",4,3,4,43001,"3","Sales",742,3
41304,"Sales Manager",4,1,3,41301,"4","Sales",746,3
22102,"Assoc_Risk",2,2,1,22001,"4","SP",747,3
49601,"FL_Creative6",4,9,6,49001,"3","Designer",752,3
44403,"Sales Manager",4,4,4,44401,"4","Sales",759,3
10101,"PA_CFO",1,0,1,10001,"5","Admin",761,3
43601,"FL_Creative3",4,3,6,43001,"3","Designer",762,3
42601,"FL_Creative2",4,2,6,42001,"3","Designer",765,3
46306,"UX",4,6,3,46301,"4","Designer",769,3
44502,"Marketing",4,4,5,44501,"4","Marketing",772,3
47303,"Assoc_CaseManagement",4,7,3,47301,"4","Sales",776,3
43501,"FL_Marketing3",4,3,5,43001,"3","Marketing",779,3
41203,"Engineer",4,1,2,41201,"4","Engineer",780,3
41602,"Designer",4,1,6,41601,"4","Designer",781,3
20101,"PA_CSO",2,0,1,40001,"5","Admin",793,3
13002,"PA_HR",1,3,0,13001,"5","Admin",798,3
47101,"Head_CallCentre",4,7,1,47001,"3","Sales",800,3
41102,"Engineer",4,1,1,41101,"4","Engineer",813,3
48002,"PA_OnlineChannel",4,8,0,48001,"5","Admin",817,3
21203,"Assoc_EmergingMarkets",2,1,2,21201,"4","SP",825,3
49302,"Sales Manager",4,9,3,49301,"4","Sales",828,3
44102,"Engineer",4,4,1,44101,"4","Engineer",834,3
21101,"Head_SP",2,1,1,21001,"3","SP",842,3
31303,"Developer",3,1,3,31301,"4","Developer",846,3
42103,"Engineer",4,2,1,42101,"4","Engineer",851,3
49402,"Sales Manager",4,9,4,49301,"4","Sales",852,3
44402,"Sales Manager",4,4,4,44401,"4","Sales",857,3
44601,"FL_Creative4",4,4,6,44001,"3","Designer",867,3
31102,"ProjectManager",3,1,1,31001,"3","IT",870,3
41201,"FL_Engineering1b",4,1,2,41001,"3","Engineer",871,3
13301,"Head_Labour",1,3,3,13001,"3","HR",874,3
42503,"Marketing",4,2,5,42501,"4","Marketing",876,3
44002,"PA_Product4",4,4,0,44001,"5","Admin",881,3
42501,"FL_Marketing2",4,2,5,42001,"3","Marketing",883,3
41002,"PA_Product1",4,1,0,41001,"5","Admin",892,3
31104,"Developer",3,1,1,31001,"4","Developer",897,3
47304,"Assoc_CaseManagement",4,7,3,47301,"4","Sales",907,3
42101,"FL_Engineering2",4,2,1,42001,"3","Engineer",909,3
49206,"Technician",4,9,2,49201,"5","Engineer",910,3
22101,"Assoc_Risk",2,2,1,22001,"4","SP",911,3
13401,"Head_PM",1,3,4,13001,"3","HR",913,3
49603,"Designer",4,9,6,49601,"4","Designer",914,3
11203,"Assoc_Finance",1,1,2,11201,"4","Finance",916,3
46305,"Designer",4,6,3,46301,"4","Designer",918,3
42302,"Sales Manager",4,2,3,42301,"4","Sales",920,3
42104,"Developer",4,2,1,42101,"4","Developer",934,3
46103,"Developer",4,6,1,46101,"4","Developer",938,3
32303,"AAssoc_Reports",3,2,3,32301,"5","Data",940,3
31107,"AAssoc_IT",3,1,1,31001,"5","IT",951,3
46106,"UX",4,6,1,46101,"4","Designer",952,3
41202,"Engineer",4,1,2,41201,"4","Engineer",962,3
42603,"Designer",4,2,6,42601,"4","Designer",964,3
32402,"Data Scientist",3,2,4,32401,"4","Data",966,3
31101,"ProjectManager",3,1,1,31001,"3","IT",970,3
43104,"Developer",4,3,1,43101,"4","Developer",978,3
13603,"Assoc_ODChange",1,3,6,13601,"4","HR",979,3
31002,"PA_IT",3,1,0,31001,"5","Admin",984,3
44401,"FL_Sales4b",4,4,4,44001,"3","Sales",985,3
44503,"Marketing",4,4,5,44501,"4","Marketing",989,3
31103,"Developer",3,1,1,31001,"4","Developer",994,3
49403,"Sales Manager",4,9,4,49301,"4","Sales",996,3
44101,"FL_Engineering4",4,4,1,44001,"3","Engineer",998,3
10001,"CFO",1,0,0,1,"1","Corporate",856,4
30001,"CTO",3,0,0,1,"1","Corporate",348,4
40001,"COO",4,0,0,1,"1","Corporate",248,4
20001,"CSO",2,0,0,1,"1","Corporate",777,4
12001,"VP_Estate",1,2,0,10001,"2","Finance",814,4
13001,"VP_HR",1,3,0,10001,"2","HR",359,4
11001,"VP_Finance",1,1,0,10001,"2","Finance",308,4
21001,"VP_Strategy",2,1,0,20001,"2","SP",201,4
22001,"VP_Risk",2,2,0,20001,"2","SP",853,4
31001,"VP_IT",3,1,0,30001,"2","IT",809,4
32001,"CDO",3,2,0,30001,"2","Data",235,4
40201,"FH_Engineering",4,0,2,40001,"2","Engineer",526,4
40202,"FH_Sales",4,0,2,40001,"2","Sales",158,4
40203,"FH_Marketing",4,0,2,40001,"2","Marketing",739,4
41001,"VP_Product1",4,1,0,40001,"2","Engineer",821,4
43001,"VP_Product3",4,3,0,40001,"2","Engineer",276,4
42001,"VP_Product2",4,2,0,40001,"2","Engineer",511,4
40204,"FH_Creative",4,0,2,40001,"2","Designer",121,4
46001,"VP_Development",4,6,0,40001,"2","Engineer",636,4
47001,"QSM",4,7,0,40001,"2","Sales",302,4
48001,"VP_OnlineChannel",4,8,0,40001,"2","Sales",949,4
44001,"VP_Product4",4,4,0,40001,"2","Engineer",615,4
49001,"VP_Product6",4,9,0,40001,"2","Engineer",740,4
1,"CEO",0,0,0,NA,"1","Corporate",472,4
13201,"Head_Recruitment",1,3,2,13001,"3","HR",11,4
11103,"AAssoc_Procurement",1,1,1,11101,"5","Finance",13,4
101,"PA_CEO",0,0,1,1,"5","Admin",14,4
11104,"AAssoc_Procurement",1,1,1,11101,"5","Finance",15,4
44201,"FL_Engineering4b",4,4,2,44001,"3","Engineer",19,4
44204,"Developer",4,4,2,44201,"4","Developer",25,4
48105,"UX",4,8,1,48101,"4","Designer",31,4
41503,"Marketing",4,1,5,41501,"4","Marketing",35,4
47301,"Head_CaseManagement",4,7,3,47001,"3","Sales",42,4
32002,"PA_CDO",3,2,0,32001,"5","Admin",44,4
41401,"FL_Sales1b",4,1,4,41001,"3","Sales",49,4
43402,"Sales Manager",4,3,4,43401,"4","Sales",52,4
21104,"AAssoc_SP",2,1,1,21101,"5","SP",57,4
32201,"Head_DataEngineering",3,2,2,32001,"3","Data",58,4
13601,"Head_ODChange",1,3,6,13001,"3","HR",61,4
12102,"AAssoc_Estate",1,2,1,12101,"5","Admin",62,4
13202,"Assoc_Recruitment",1,3,2,13201,"4","HR",67,4
41103,"Engineer",4,1,1,41101,"4","Engineer",76,4
43602,"Designer",4,3,6,43601,"4","Designer",78,4
46304,"Marketing",4,6,3,46301,"4","Marketing",86,4
13403,"Assoc_PM",1,3,4,13401,"4","HR",98,4
41402,"Sales Manager",4,1,4,41401,"4","Sales",99,4
49103,"Engineer",4,9,1,49101,"4","Engineer",107,4
43301,"FL_Sales3",4,3,3,43001,"3","Sales",111,4
42605,"UX",4,2,6,42601,"4","Designer",117,4
44303,"Sales Manager",4,4,3,44301,"4","Sales",131,4
42202,"Engineer",4,2,2,42201,"4","Engineer",132,4
31106,"Assoc_IT",3,1,1,31001,"4","IT",134,4
47201,"Head_Webquery",4,7,2,47001,"3","Sales",136,4
13502,"AAssoc_L&D",1,3,5,13501,"5","HR",141,4
44202,"Engineer",4,4,2,44201,"4","Engineer",142,4
49602,"Designer",4,9,6,49601,"4","Designer",145,4
32101,"Assoc_Governance",3,2,1,32001,"4","Data",147,4
49202,"Engineer",4,9,2,49201,"4","Engineer",148,4
42502,"Marketing",4,2,5,42501,"4","Marketing",151,4
48101,"Head_OnlineSales1",4,8,1,48001,"3","Sales",154,4
44501,"FL_Marketing4",4,4,5,44001,"3","Marketing",159,4
42102,"Engineer",4,2,1,42101,"4","Engineer",175,4
49201,"FL_Engineering6b",4,9,2,49001,"3","Engineer",182,4
31201,"Head_ITInfra",3,1,2,31001,"3","IT",183,4
44605,"UX",4,4,6,44601,"4","Designer",187,4
46105,"Designer",4,6,1,46101,"4","Designer",202,4
31105,"Assoc_IT",3,1,1,31001,"4","IT",204,4
47202,"AAssoc_Webquery",4,7,2,47201,"5","Sales",205,4
41403,"Sales Manager",4,1,4,41401,"4","Sales",208,4
49503,"Marketing",4,9,5,49501,"4","Marketing",212,4
41204,"Developer",4,1,2,41201,"4","Developer",213,4
41107,"Technician",4,1,1,41101,"5","Engineer",214,4
49502,"Marketing",4,9,5,49501,"4","Marketing",215,4
42504,"Marketing",4,2,5,42501,"4","Marketing",218,4
47102,"Assoc_CallCentre",4,7,1,47101,"4","Sales",225,4
21002,"PA_Strategy",2,1,0,21001,"5","Admin",230,4
48203,"Sales Manager",4,8,2,48201,"4","Sales",241,4
42403,"Sales Manager",4,2,4,42401,"4","Sales",246,4
32403,"Data Scientist",3,2,4,32401,"4","Data",261,4
40101,"PA_COO",4,0,1,30001,"5","Admin",263,4
49002,"PA_Product6",4,9,0,49001,"5","Admin",266,4
48202,"Sales Manager",4,8,2,48201,"4","Sales",267,4
42302,"Sales Manager",4,2,3,42301,"4","Sales",269,4
31202,"Assoc_ITInfra",3,1,2,31201,"4","IT",270,4
32203,"Data Engineer",3,2,2,32201,"4","Data",272,4
43101,"FL_Engineering3",4,3,1,43001,"3","Engineer",277,4
44104,"Developer",4,4,1,44101,"4","Developer",279,4
42401,"FL_Sales2b",4,2,4,42001,"3","Sales",285,4
41605,"UX",4,1,6,41601,"4","Designer",286,4
41404,"Sales Manager",4,1,4,41401,"4","Sales",296,4
32204,"Data Engineer",3,2,2,32201,"4","Data",297,4
46303,"Developer",4,6,3,46301,"4","Developer",298,4
49605,"UX",4,9,6,49601,"4","Designer",310,4
12101,"Head_Estate",1,2,1,12001,"3","Admin",328,4
43503,"Marketing",4,3,5,43501,"4","Marketing",329,4
44602,"Designer",4,4,6,44601,"4","Designer",330,4
23102,"Assoc_Legal",2,3,1,23101,"4","Legal",333,4
46101,"Head_Team 1",4,6,1,46001,"3","Engineer",337,4
31108,"AAssoc_IT",3,1,1,31001,"5","IT",341,4
11101,"Head_Procurement",1,1,1,11001,"3","Finance",349,4
11102,"Assoc_Procurement",1,1,1,11101,"4","Finance",352,4
48204,"Sales Manager",4,8,2,48201,"4","Sales",354,4
41601,"FL_Creative1",4,1,6,41001,"3","Designer",362,4
49106,"Technician",4,9,1,49101,"5","Engineer",370,4
32206,"Associate Data Engineer",3,2,2,32201,"5","Data",371,4
32202,"Data Engineer",3,2,2,32201,"4","Data",392,4
43603,"Designer",4,3,6,43601,"4","Designer",393,4
42201,"FL_Engineering2b",4,2,2,42001,"3","Engineer",394,4
23101,"Head_Legal",2,3,1,20001,"3","Legal",397,4
44106,"Technician",4,4,1,44101,"5","Engineer",399,4
12202,"AAssoc_Admin",1,2,2,12201,"5","Admin",400,4
44302,"Sales Manager",4,4,3,44301,"4","Sales",401,4
11002,"PA_Finance",1,1,0,11001,"5","Admin",402,4
22103,"Assoc_Futures",2,2,1,22001,"4","SP",424,4
44206,"Technician",4,4,2,44201,"5","Engineer",430,4
48205,"UX",4,8,2,48201,"4","Designer",442,4
41207,"Technician",4,1,2,41201,"5","Engineer",446,4
43502,"Marketing",4,3,5,43501,"4","Marketing",451,4
41502,"Marketing",4,1,5,41501,"4","Marketing",452,4
49204,"Developer",4,9,2,49201,"4","Developer",459,4
49301,"FL_Sales6",4,9,3,49001,"3","Sales",462,4
42206,"Technician",4,2,2,42201,"5","Engineer",465,4
43106,"Technician",4,3,1,43101,"5","Engineer",470,4
43102,"Engineer",4,3,1,43101,"4","Engineer",474,4
41105,"Developer",4,1,1,41101,"4","Developer",476,4
41501,"FL_Marketing1",4,1,5,41001,"3","Marketing",497,4
49101,"FL_Engineering6",4,9,1,49001,"3","Engineer",499,4
43302,"Sales Manager",4,3,3,43301,"4","Sales",501,4
43605,"UX",4,3,6,43601,"4","Designer",505,4
49104,"Developer",4,9,1,49101,"4","Developer",506,4
44606,"UX",4,4,6,44601,"4","Designer",508,4
42106,"Technician",4,2,1,42101,"5","Engineer",515,4
46002,"PA_Development",4,6,0,46001,"5","Admin",521,4
48104,"Sales Manager",4,8,1,48101,"4","Sales",523,4
43504,"Marketing",4,3,5,43501,"4","Marketing",531,4
42204,"Developer",4,2,2,42201,"4","Developer",532,4
41101,"FL_Engineering1",4,1,1,41001,"3","Engineer",534,4
49501,"FL_Marketing6",4,9,5,49001,"3","Marketing",540,4
12103,"AAssoc_Estate",1,2,1,12101,"5","Admin",545,4
11201,"Head_Finance",1,1,2,11001,"3","Finance",546,4
13302,"Assoc_Labour",1,3,3,13301,"4","HR",547,4
46302,"Engineer",4,6,3,46301,"4","Engineer",554,4
32301,"Head_Reports",3,2,3,32001,"3","Data",555,4
41104,"Developer",4,1,1,41101,"4","Developer",556,4
41603,"Designer",4,1,6,41601,"4","Designer",559,4
31203,"AAssoc_ITInfra",3,1,2,31201,"5","IT",563,4
21102,"Assoc_SP",2,1,1,21101,"4","SP",570,4
21202,"Assoc_EmergingMarkets",2,1,2,21201,"4","SP",575,4
21103,"Assoc_SP",2,1,1,21101,"4","SP",578,4
42301,"FL_Sales2",4,2,3,42001,"3","Sales",583,4
42602,"Designer",4,2,6,42601,"4","Designer",587,4
46104,"Marketing",4,6,1,46101,"4","Marketing",593,4
42606,"UX",4,2,6,42601,"4","Designer",600,4
42107,"Technician",4,2,1,42101,"5","Engineer",601,4
42402,"Sales Manager",4,2,4,42401,"4","Sales",602,4
43501,"FL_Marketing3",4,3,5,43001,"3","Marketing",606,4
30101,"PA_CTO",3,0,1,20001,"5","Admin",613,4
47002,"PA_QSM",4,7,0,47001,"5","Admin",614,4
12201,"Head_Admin",1,2,2,12001,"3","Admin",619,4
11202,"Assoc_Finance",1,1,2,11201,"4","Finance",620,4
44301,"FL_Sales4",4,4,3,44001,"3","Sales",622,4
41206,"Technician",4,1,2,41201,"5","Engineer",625,4
41303,"Sales Manager",4,1,3,41301,"4","Sales",634,4
46102,"Engineer",4,6,1,46101,"4","Engineer",639,4
32401,"Head_DataScience",3,2,4,32001,"3","Data",646,4
43002,"PA_Product3",4,3,0,43001,"5","Admin",653,4
47302,"Assoc_CaseManagement",4,7,3,47301,"4","Sales",654,4
21201,"Head_EmergingMarkets",2,1,2,21001,"3","SP",657,4
32302,"AAssoc_Reports",3,2,3,32301,"5","Data",659,4
13501,"Head_L&D",1,3,5,13001,"3","HR",661,4
49102,"Engineer",4,9,1,49101,"4","Engineer",662,4
13203,"AAssoc_Recruitment",1,3,2,13201,"5","HR",665,4
42205,"Developer",4,2,2,42201,"4","Developer",675,4
41504,"Marketing",4,1,5,41501,"4","Marketing",677,4
42002,"PA_Product2",4,2,0,42001,"5","Admin",678,4
43201,"FL_Engineering3b",4,3,2,43001,"3","Engineer",679,4
47101,"Head_CallCentre",4,7,1,47001,"3","Sales",680,4
43204,"Developer",4,3,2,43201,"4","Developer",681,4
13602,"Assoc_ODChange",1,3,6,13601,"4","HR",684,4
49606,"UX",4,9,6,49601,"4","Designer",685,4
41302,"Sales Manager",4,1,3,41301,"4","Sales",691,4
43206,"Technician",4,3,2,43201,"5","Engineer",692,4
13101,"Head_Payroll",1,3,1,13001,"3","HR",693,4
13402,"Assoc_PM",1,3,4,13401,"4","HR",707,4
41606,"UX",4,1,6,41601,"4","Designer",710,4
46403,"Developer",4,6,4,46001,"4","Developer",712,4
48102,"Sales Manager",4,8,1,48101,"4","Sales",717,4
32205,"Associate Data Engineer",3,2,2,32201,"5","Data",719,4
42303,"Sales Manager",4,2,3,42301,"4","Sales",722,4
48103,"Sales Manager",4,8,1,48101,"4","Sales",723,4
13103,"AAssoc_Payroll",1,3,1,13101,"5","HR",725,4
46301,"Head_Team 3",4,6,3,46001,"3","Engineer",727,4
13102,"AAssoc_Payroll",1,3,1,13101,"5","HR",728,4
43303,"Sales Manager",4,3,3,43301,"4","Sales",731,4
43401,"FL_Sales3b",4,3,4,43001,"3","Sales",742,4
41304,"Sales Manager",4,1,3,41301,"4","Sales",746,4
22102,"Assoc_Risk",2,2,1,22001,"4","SP",747,4
49601,"FL_Creative6",4,9,6,49001,"3","Designer",752,4
44403,"Sales Manager",4,4,4,44401,"4","Sales",759,4
10101,"PA_CFO",1,0,1,10001,"5","Admin",761,4
43601,"FL_Creative3",4,3,6,43001,"3","Designer",762,4
42601,"FL_Creative2",4,2,6,42001,"3","Designer",765,4
46306,"UX",4,6,3,46301,"4","Designer",769,4
44502,"Marketing",4,4,5,44501,"4","Marketing",772,4
47303,"Assoc_CaseManagement",4,7,3,47301,"4","Sales",776,4
41203,"Engineer",4,1,2,41201,"4","Engineer",780,4
41602,"Designer",4,1,6,41601,"4","Designer",781,4
20101,"PA_CSO",2,0,1,40001,"5","Admin",793,4
13002,"PA_HR",1,3,0,13001,"5","Admin",798,4
41106,"Technician",4,1,1,41101,"5","Engineer",803,4
41301,"FL_Sales1",4,1,3,41001,"3","Sales",810,4
41102,"Engineer",4,1,1,41101,"4","Engineer",813,4
48002,"PA_OnlineChannel",4,8,0,48001,"5","Admin",817,4
21203,"Assoc_EmergingMarkets",2,1,2,21201,"4","SP",825,4
49302,"Sales Manager",4,9,3,49301,"4","Sales",828,4
12203,"AAssoc_Admin",1,2,2,12201,"5","Admin",831,4
44102,"Engineer",4,4,1,44101,"4","Engineer",834,4
21101,"Head_SP",2,1,1,21001,"3","SP",842,4
32404,"Data Scientist",3,2,4,32401,"4","Data",846,4
42103,"Engineer",4,2,1,42101,"4","Engineer",851,4
49402,"Sales Manager",4,9,4,49301,"4","Sales",852,4
44402,"Sales Manager",4,4,4,44401,"4","Sales",857,4
46402,"Engineer",4,6,4,46001,"4","Engineer",858,4
44601,"FL_Creative4",4,4,6,44001,"3","Designer",867,4
31102,"ProjectManager",3,1,1,31001,"3","IT",870,4
41201,"FL_Engineering1b",4,1,2,41001,"3","Engineer",871,4
13301,"Head_Labour",1,3,3,13001,"3","HR",874,4
43202,"Engineer",4,3,2,43201,"4","Engineer",875,4
42503,"Marketing",4,2,5,42501,"4","Marketing",876,4
44002,"PA_Product4",4,4,0,44001,"5","Admin",881,4
42501,"FL_Marketing2",4,2,5,42001,"3","Marketing",883,4
41002,"PA_Product1",4,1,0,41001,"5","Admin",892,4
31104,"Developer",3,1,1,31001,"4","Developer",897,4
47304,"Assoc_CaseManagement",4,7,3,47301,"4","Sales",907,4
42101,"FL_Engineering2",4,2,1,42001,"3","Engineer",909,4
49206,"Technician",4,9,2,49201,"5","Engineer",910,4
22101,"Assoc_Risk",2,2,1,22001,"4","SP",911,4
13401,"Head_PM",1,3,4,13001,"3","HR",913,4
49603,"Designer",4,9,6,49601,"4","Designer",914,4
11203,"Assoc_Finance",1,1,2,11201,"4","Finance",916,4
46305,"Designer",4,6,3,46301,"4","Designer",918,4
32207,"Associate Data Engineer",3,2,2,32201,"5","Data",925,4
42104,"Developer",4,2,1,42101,"4","Developer",934,4
46103,"Developer",4,6,1,46101,"4","Developer",938,4
32303,"AAssoc_Reports",3,2,3,32301,"5","Data",940,4
31107,"AAssoc_IT",3,1,1,31001,"5","IT",951,4
46106,"UX",4,6,1,46101,"4","Designer",952,4
41202,"Engineer",4,1,2,41201,"4","Engineer",962,4
42603,"Designer",4,2,6,42601,"4","Designer",964,4
32402,"Data Scientist",3,2,4,32401,"4","Data",966,4
31101,"ProjectManager",3,1,1,31001,"3","IT",970,4
43104,"Developer",4,3,1,43101,"4","Developer",978,4
13603,"Assoc_ODChange",1,3,6,13601,"4","HR",979,4
48201,"Head_OnlineSales2",4,8,2,48001,"3","Sales",982,4
31002,"PA_IT",3,1,0,31001,"5","Admin",984,4
44401,"FL_Sales4b",4,4,4,44001,"3","Sales",985,4
44503,"Marketing",4,4,5,44501,"4","Marketing",989,4
31103,"Developer",3,1,1,31001,"4","Developer",994,4
49403,"Sales Manager",4,9,4,49301,"4","Sales",996,4
44101,"FL_Engineering4",4,4,1,44001,"3","Engineer",998,4
10001,"CFO",1,0,0,1,"1","Corporate",856,5
30001,"CTO",3,0,0,1,"1","Corporate",348,5
40001,"COO",4,0,0,1,"1","Corporate",248,5
20001,"CSO",2,0,0,1,"1","Corporate",777,5
12001,"VP_Estate",1,2,0,10001,"2","Finance",814,5
13001,"VP_HR",1,3,0,10001,"2","HR",359,5
11001,"VP_Finance",1,1,0,10001,"2","Finance",308,5
21001,"VP_Strategy",2,1,0,20001,"2","SP",201,5
22001,"VP_Risk",2,2,0,20001,"2","SP",853,5
31001,"VP_IT",3,1,0,30001,"2","IT",809,5
32001,"CDO",3,2,0,30001,"2","Data",235,5
40201,"FH_Engineering",4,0,2,40001,"2","Engineer",526,5
40203,"FH_Marketing",4,0,2,40001,"2","Marketing",739,5
40204,"FH_Creative",4,0,2,40001,"2","Designer",121,5
41001,"VP_Product1",4,1,0,40001,"2","Engineer",821,5
40202,"FH_Sales",4,0,2,40001,"2","Sales",158,5
42001,"VP_Product2",4,2,0,40001,"2","Engineer",511,5
43001,"VP_Product3",4,3,0,40001,"2","Engineer",276,5
44001,"VP_Product4",4,4,0,40001,"2","Engineer",615,5
45001,"VP_Product5",4,5,0,40001,"2","Engineer",871,5
47001,"QSM",4,7,0,40001,"2","Sales",302,5
48001,"VP_OnlineChannel",4,8,0,40001,"2","Sales",949,5
49001,"VP_Product6",4,9,0,40001,"2","Engineer",740,5
46001,"VP_Development",4,6,0,40001,"2","Engineer",636,5
1,"CEO",0,0,0,NA,"1","Corporate",472,5
11103,"AAssoc_Procurement",1,1,1,11101,"5","Finance",13,5
101,"PA_CEO",0,0,1,1,"5","Admin",14,5
44201,"FL_Engineering4b",4,4,2,44001,"3","Engineer",19,5
44204,"Developer",4,4,2,44201,"4","Developer",25,5
48105,"UX",4,8,1,48101,"4","Designer",31,5
45502,"Marketing",4,5,5,45501,"4","Marketing",35,5
47301,"Head_CaseManagement",4,7,3,47001,"3","Sales",42,5
32002,"PA_CDO",3,2,0,32001,"5","Admin",44,5
45301,"FL_Sales5",4,5,3,45001,"3","Sales",49,5
43402,"Sales Manager",4,3,4,43401,"4","Sales",52,5
21104,"AAssoc_SP",2,1,1,21101,"5","SP",57,5
32201,"Head_DataEngineering",3,2,2,32001,"3","Data",58,5
13601,"Head_ODChange",1,3,6,13001,"3","HR",61,5
12102,"AAssoc_Estate",1,2,1,12101,"5","Admin",62,5
13202,"Assoc_Recruitment",1,3,2,13201,"4","HR",67,5
41103,"Engineer",4,1,1,41101,"4","Engineer",76,5
43602,"Designer",4,3,6,43601,"4","Designer",78,5
46304,"Marketing",4,6,3,46301,"4","Marketing",86,5
42201,"FL_Engineering2b",4,2,2,42001,"3","Engineer",90,5
13403,"Assoc_PM",1,3,4,13401,"4","HR",98,5
45302,"Sales Manager",4,5,3,45301,"4","Sales",99,5
49103,"Engineer",4,9,1,49101,"4","Engineer",107,5
43301,"FL_Sales3",4,3,3,43001,"3","Sales",111,5
42605,"UX",4,2,6,42601,"4","Designer",117,5
44303,"Sales Manager",4,4,3,44301,"4","Sales",131,5
42202,"Engineer",4,2,2,42201,"4","Engineer",132,5
31106,"Assoc_IT",3,1,1,31001,"4","IT",134,5
47201,"Head_Webquery",4,7,2,47001,"3","Sales",136,5
49401,"FL_Sales6b",4,9,4,49001,"3","Sales",138,5
13502,"AAssoc_L&D",1,3,5,13501,"5","HR",141,5
44202,"Engineer",4,4,2,44201,"4","Engineer",142,5
49602,"Designer",4,9,6,49601,"4","Designer",145,5
32101,"Assoc_Governance",3,2,1,32001,"4","Data",147,5
49202,"Engineer",4,9,2,49201,"4","Engineer",148,5
49105,"Developer",4,9,1,49101,"4","Developer",150,5
42502,"Marketing",4,2,5,42501,"4","Marketing",151,5
48101,"Head_OnlineSales1",4,8,1,48001,"3","Sales",154,5
47305,"Assoc_CaseManagement",4,7,3,47301,"4","Sales",156,5
44501,"FL_Marketing4",4,4,5,44001,"3","Marketing",159,5
42102,"Engineer",4,2,1,42101,"4","Engineer",175,5
41501,"FL_Marketing1",4,1,5,41001,"3","Marketing",181,5
49201,"FL_Engineering6b",4,9,2,49001,"3","Engineer",182,5
31201,"Head_ITInfra",3,1,2,31001,"3","IT",183,5
44605,"UX",4,4,6,44601,"4","Designer",187,5
11102,"Assoc_Procurement",1,1,1,11101,"4","Finance",190,5
45602,"Designer",4,5,6,45601,"4","Designer",202,5
31105,"Assoc_IT",3,1,1,31001,"4","IT",204,5
47202,"AAssoc_Webquery",4,7,2,47201,"5","Sales",205,5
45303,"Sales Manager",4,5,3,45301,"4","Sales",208,5
48206,"UX",4,8,2,48201,"4","Designer",210,5
49503,"Marketing",4,9,5,49501,"4","Marketing",212,5
41204,"Developer",4,1,2,41101,"4","Developer",213,5
41107,"Technician",4,1,1,41101,"5","Engineer",214,5
49502,"Marketing",4,9,5,49501,"4","Marketing",215,5
42504,"Marketing",4,2,5,42501,"4","Marketing",218,5
47102,"Assoc_CallCentre",4,7,1,47101,"4","Sales",225,5
11204,"Assoc_Finance",1,1,2,11201,"4","Finance",236,5
48203,"Sales Manager",4,8,2,48201,"4","Sales",241,5
42403,"Sales Manager",4,2,4,42401,"4","Sales",246,5
13201,"Head_Recruitment",1,3,2,13001,"3","HR",260,5
32403,"Data Scientist",3,2,4,32401,"4","Data",261,5
40101,"PA_COO",4,0,1,30001,"5","Admin",263,5
49002,"PA_Product6",4,9,0,49001,"5","Admin",266,5
48202,"Sales Manager",4,8,2,48201,"4","Sales",267,5
42302,"Sales Manager",4,2,3,42301,"4","Sales",269,5
31202,"Assoc_ITInfra",3,1,2,31201,"4","IT",270,5
32203,"Data Engineer",3,2,2,32201,"4","Data",272,5
43101,"FL_Engineering3",4,3,1,43001,"3","Engineer",277,5
44104,"Developer",4,4,1,44101,"4","Developer",279,5
42401,"FL_Sales2b",4,2,4,42001,"3","Sales",285,5
41605,"UX",4,1,6,41601,"4","Designer",286,5
49303,"Sales Manager",4,9,3,49301,"4","Sales",296,5
32204,"Data Engineer",3,2,2,32201,"4","Data",297,5
46303,"Developer",4,6,3,46301,"4","Developer",298,5
49605,"UX",4,9,6,49601,"4","Designer",310,5
44401,"FL_Sales4b",4,4,4,44001,"3","Sales",311,5
13402,"Assoc_PM",1,3,4,13401,"4","HR",314,5
12101,"Head_Estate",1,2,1,12001,"3","Admin",328,5
43503,"Marketing",4,3,5,43501,"4","Marketing",329,5
44602,"Designer",4,4,6,44601,"4","Designer",330,5
48106,"UX",4,8,1,48101,"4","Designer",332,5
23102,"Assoc_Legal",2,3,1,23101,"4","Legal",333,5
46101,"Head_Team 1",4,6,1,46001,"3","Engineer",337,5
31108,"AAssoc_IT",3,1,1,31001,"5","IT",341,5
11101,"Head_Procurement",1,1,1,11001,"3","Finance",349,5
48204,"Sales Manager",4,8,2,48201,"4","Sales",354,5
41601,"FL_Creative1",4,1,6,41001,"3","Designer",362,5
49106,"Technician",4,9,1,49101,"5","Engineer",370,5
32206,"Associate Data Engineer",3,2,2,32201,"5","Data",371,5
32202,"Data Engineer",3,2,2,32201,"4","Data",392,5
43603,"Designer",4,3,6,43601,"4","Designer",393,5
23101,"Head_Legal",2,3,1,20001,"3","Legal",397,5
44106,"Technician",4,4,1,44101,"5","Engineer",399,5
12202,"AAssoc_Admin",1,2,2,12201,"5","Admin",400,5
44302,"Sales Manager",4,4,3,44301,"4","Sales",401,5
11002,"PA_Finance",1,1,0,11001,"5","Admin",402,5
44206,"Technician",4,4,2,44201,"5","Engineer",430,5
48205,"UX",4,8,2,48201,"4","Designer",442,5
45106,"Technician",4,5,1,45101,"5","Engineer",446,5
43502,"Marketing",4,3,5,43501,"4","Marketing",451,5
41502,"Marketing",4,1,5,41501,"4","Marketing",452,5
49204,"Developer",4,9,2,49201,"4","Developer",459,5
49301,"FL_Sales6",4,9,3,49001,"3","Sales",462,5
42206,"Technician",4,2,2,42201,"5","Engineer",465,5
11104,"AAssoc_Procurement",1,1,1,11101,"5","Finance",466,5
43106,"Technician",4,3,1,43101,"5","Engineer",470,5
43102,"Engineer",4,3,1,43101,"4","Engineer",474,5
45105,"Developer",4,5,1,45101,"4","Developer",476,5
45601,"FL_Creative5",4,5,6,45001,"3","Designer",493,5
49101,"FL_Engineering6",4,9,1,49001,"3","Engineer",499,5
43302,"Sales Manager",4,3,3,43301,"4","Sales",501,5
43605,"UX",4,3,6,43601,"4","Designer",505,5
49104,"Developer",4,9,1,49101,"4","Developer",506,5
44606,"UX",4,4,6,44601,"4","Designer",508,5
42106,"Technician",4,2,1,42101,"5","Engineer",515,5
46002,"PA_Development",4,6,0,46001,"5","Admin",521,5
48104,"Sales Manager",4,8,1,48101,"4","Sales",523,5
43504,"Marketing",4,3,5,43501,"4","Marketing",531,5
42204,"Developer",4,2,2,42201,"4","Developer",532,5
41101,"FL_Engineering1",4,1,1,41001,"3","Engineer",534,5
49501,"FL_Marketing6",4,9,5,49001,"3","Marketing",540,5
12103,"AAssoc_Estate",1,2,1,12101,"5","Admin",545,5
11201,"Head_Finance",1,1,2,11001,"3","Finance",546,5
13302,"Assoc_Labour",1,3,3,13301,"4","HR",547,5
46302,"Engineer",4,6,3,46301,"4","Engineer",554,5
32301,"Head_Reports",3,2,3,32001,"3","Data",555,5
41104,"Developer",4,1,1,41101,"4","Developer",556,5
49604,"Designer",4,9,6,49601,"4","Designer",559,5
31203,"AAssoc_ITInfra",3,1,2,31201,"5","IT",563,5
21102,"Assoc_SP",2,1,1,21101,"4","SP",570,5
21202,"Assoc_EmergingMarkets",2,1,2,21201,"4","SP",575,5
21103,"Assoc_SP",2,1,1,21101,"4","SP",578,5
42301,"FL_Sales2",4,2,3,42001,"3","Sales",583,5
49203,"Engineer",4,9,2,49201,"4","Engineer",586,5
42602,"Designer",4,2,6,42601,"4","Designer",587,5
45501,"FL_Marketing5",4,5,5,45001,"3","Marketing",593,5
42606,"UX",4,2,6,42601,"4","Designer",600,5
42402,"Sales Manager",4,2,4,42401,"4","Sales",602,5
43501,"FL_Marketing3",4,3,5,43001,"3","Marketing",606,5
30101,"PA_CTO",3,0,1,20001,"5","Admin",613,5
47002,"PA_QSM",4,7,0,47001,"5","Admin",614,5
12201,"Head_Admin",1,2,2,12001,"3","Admin",619,5
11202,"Assoc_Finance",1,1,2,11201,"4","Finance",620,5
44301,"FL_Sales4",4,4,3,44001,"3","Sales",622,5
41206,"Technician",4,1,2,41101,"5","Engineer",625,5
45101,"FL_Engineering5",4,5,1,45001,"3","Engineer",639,5
45002,"PA_Product5",4,5,0,45001,"5","Admin",643,5
32401,"Head_DataScience",3,2,4,32001,"3","Data",646,5
43002,"PA_Product3",4,3,0,43001,"5","Admin",653,5
47302,"Assoc_CaseManagement",4,7,3,47301,"4","Sales",654,5
21201,"Head_EmergingMarkets",2,1,2,21001,"3","SP",657,5
32302,"AAssoc_Reports",3,2,3,32301,"5","Data",659,5
13501,"Head_L&D",1,3,5,13001,"3","HR",661,5
49102,"Engineer",4,9,1,49101,"4","Engineer",662,5
13203,"AAssoc_Recruitment",1,3,2,13201,"5","HR",665,5
46404,"Marketing",4,6,4,46101,"4","Marketing",669,5
42205,"Developer",4,2,2,42201,"4","Developer",675,5
49504,"Marketing",4,9,5,49501,"4","Marketing",677,5
42002,"PA_Product2",4,2,0,42001,"5","Admin",678,5
43201,"FL_Engineering3b",4,3,2,43001,"3","Engineer",679,5
47101,"Head_CallCentre",4,7,1,47001,"3","Sales",680,5
43204,"Developer",4,3,2,43201,"4","Developer",681,5
13602,"Assoc_ODChange",1,3,6,13601,"4","HR",684,5
49606,"UX",4,9,6,49601,"4","Designer",685,5
42107,"Technician",4,2,1,42101,"5","Engineer",686,5
41302,"Sales Manager",4,1,3,41301,"4","Sales",691,5
43206,"Technician",4,3,2,43201,"5","Engineer",692,5
13101,"Head_Payroll",1,3,1,13001,"3","HR",693,5
46406,"UX",4,6,4,46101,"4","Designer",710,5
46403,"Developer",4,6,4,46101,"4","Developer",712,5
48102,"Sales Manager",4,8,1,48101,"4","Sales",717,5
32205,"Associate Data Engineer",3,2,2,32201,"5","Data",719,5
42303,"Sales Manager",4,2,3,42301,"4","Sales",722,5
48103,"Sales Manager",4,8,1,48101,"4","Sales",723,5
13103,"AAssoc_Payroll",1,3,1,13101,"5","HR",725,5
46301,"Head_Team 3",4,6,3,46001,"3","Engineer",727,5
13102,"AAssoc_Payroll",1,3,1,13101,"5","HR",728,5
43303,"Sales Manager",4,3,3,43301,"4","Sales",731,5
43401,"FL_Sales3b",4,3,4,43001,"3","Sales",742,5
41304,"Sales Manager",4,1,3,41301,"4","Sales",746,5
22102,"Assoc_Risk",2,2,1,22001,"4","SP",747,5
48201,"Head_OnlineSales2",4,8,2,48001,"3","Sales",750,5
49601,"FL_Creative6",4,9,6,49001,"3","Designer",752,5
44403,"Sales Manager",4,4,4,44401,"4","Sales",759,5
10101,"PA_CFO",1,0,1,10001,"5","Admin",761,5
43601,"FL_Creative3",4,3,6,43001,"3","Designer",762,5
42601,"FL_Creative2",4,2,6,42001,"3","Designer",765,5
46306,"UX",4,6,3,46301,"4","Designer",769,5
44502,"Marketing",4,4,5,44501,"4","Marketing",772,5
23103,"Assoc_Legal",2,3,1,23101,"4","Legal",774,5
47303,"Assoc_CaseManagement",4,7,3,47301,"4","Sales",776,5
45102,"Engineer",4,5,1,45101,"4","Engineer",780,5
41602,"Designer",4,1,6,41601,"4","Designer",781,5
20101,"PA_CSO",2,0,1,40001,"5","Admin",793,5
13002,"PA_HR",1,3,0,13001,"5","Admin",798,5
41106,"Technician",4,1,1,41101,"5","Engineer",803,5
41301,"FL_Sales1",4,1,3,41001,"3","Sales",810,5
22103,"Assoc_Futures",2,2,1,22001,"4","SP",812,5
41102,"Engineer",4,1,1,41101,"4","Engineer",813,5
48002,"PA_OnlineChannel",4,8,0,48001,"5","Admin",817,5
21203,"Assoc_EmergingMarkets",2,1,2,21201,"4","SP",825,5
47203,"AAssoc_Webquery",4,7,2,47201,"5","Sales",827,5
49302,"Sales Manager",4,9,3,49301,"4","Sales",828,5
12203,"AAssoc_Admin",1,2,2,12201,"5","Admin",831,5
44102,"Engineer",4,4,1,44101,"4","Engineer",834,5
21101,"Head_SP",2,1,1,21001,"3","SP",842,5
32404,"Data Scientist",3,2,4,32401,"4","Data",846,5
46405,"Designer",4,6,4,46101,"4","Designer",847,5
42103,"Engineer",4,2,1,42101,"4","Engineer",851,5
49402,"Sales Manager",4,9,4,49401,"4","Sales",852,5
44402,"Sales Manager",4,4,4,44401,"4","Sales",857,5
46402,"Engineer",4,6,4,46101,"4","Engineer",858,5
44601,"FL_Creative4",4,4,6,44001,"3","Designer",867,5
31102,"ProjectManager",3,1,1,31001,"3","IT",870,5
13301,"Head_Labour",1,3,3,13001,"3","HR",874,5
43202,"Engineer",4,3,2,43201,"4","Engineer",875,5
42503,"Marketing",4,2,5,42501,"4","Marketing",876,5
44002,"PA_Product4",4,4,0,44001,"5","Admin",881,5
42501,"FL_Marketing2",4,2,5,42001,"3","Marketing",883,5
41002,"PA_Product1",4,1,0,41001,"5","Admin",892,5
21002,"PA_Strategy",2,1,0,21001,"5","Admin",894,5
31104,"Developer",3,1,1,31001,"4","Developer",897,5
47304,"Assoc_CaseManagement",4,7,3,47301,"4","Sales",907,5
42101,"FL_Engineering2",4,2,1,42001,"3","Engineer",909,5
49206,"Technician",4,9,2,49201,"5","Engineer",910,5
22101,"Assoc_Risk",2,2,1,22001,"4","SP",911,5
13401,"Head_PM",1,3,4,13001,"3","HR",913,5
49603,"Designer",4,9,6,49601,"4","Designer",914,5
11203,"Assoc_Finance",1,1,2,11201,"4","Finance",916,5
46305,"Designer",4,6,3,46301,"4","Designer",918,5
32207,"Associate Data Engineer",3,2,2,32201,"5","Data",925,5
42104,"Developer",4,2,1,42101,"4","Developer",934,5
45104,"Developer",4,5,1,45101,"4","Developer",938,5
32303,"AAssoc_Reports",3,2,3,32301,"5","Data",940,5
31107,"AAssoc_IT",3,1,1,31001,"5","IT",951,5
45605,"UX",4,5,6,45601,"4","Designer",952,5
41202,"Engineer",4,1,2,41101,"4","Engineer",962,5
42603,"Designer",4,2,6,42601,"4","Designer",964,5
32402,"Data Scientist",3,2,4,32401,"4","Data",966,5
31101,"ProjectManager",3,1,1,31001,"3","IT",970,5
41303,"Sales Manager",4,1,3,41301,"4","Sales",974,5
43104,"Developer",4,3,1,43101,"4","Developer",978,5
13603,"Assoc_ODChange",1,3,6,13601,"4","HR",979,5
31002,"PA_IT",3,1,0,31001,"5","Admin",984,5
44503,"Marketing",4,4,5,44501,"4","Marketing",989,5
31103,"Developer",3,1,1,31001,"4","Developer",994,5
49403,"Sales Manager",4,9,4,49401,"4","Sales",996,5
44101,"FL_Engineering4",4,4,1,44001,"3","Engineer",998,5
